{"cameraMode":{"drawMode":0,"name":"Shaded","section":"Shading Mode"},"sceneLighting":true,"audioPlay":false,"sceneViewState":{"showFog":true,"showMaterialUpdate":false,"showSkybox":true,"showFlares":true,"showImageEffects":true,"showParticleSystems":true},"in2DMode":false,"pivot":{"x":20.130733489990236,"y":1.067214012145996,"z":12.52561092376709},"rotation":{"x":-0.056174490600824359,"y":-0.9419208765029907,"z":0.20106402039527894,"w":-0.2631101906299591},"size":6.262465000152588,"orthographic":false}